{
    "popular/video-22/questions.json": [
        [
            {
                "name": "evaluated",
                "harmonic_mean": 0.00017499105059766358,
                "values_from_similarity": {
                    "relevance": 35.546377301216125,
                    "diversity question": 0.0,
                    "diversity window": 0.0,
                    "coverage question to window": 0.9827526613834676,
                    "coverage window to question": 1.0
                }
            },
            {
                "name": "gold",
                "harmonic_mean": 0.0003296589987507799,
                "values_from_similarity": {
                    "relevance": 4.770396277308464,
                    "diversity question": 0.0016230370907033209,
                    "diversity window": 0.0016241368921215702,
                    "coverage question to window": 0.9959299073234151,
                    "coverage window to question": 0.9911454234545227
                }
            }
        ],
        [
            {
                "name": "evaluated",
                "harmonic_mean": 0.00017499105059766358,
                "values_from_similarity": {
                    "relevance": 35.546377301216125,
                    "diversity question": 0.0,
                    "diversity window": 0.0,
                    "coverage question to window": 0.9827526613834676,
                    "coverage window to question": 1.0
                }
            },
            {
                "name": "gold",
                "harmonic_mean": 0.00034972899380756033,
                "values_from_similarity": {
                    "relevance": 4.931410308927298,
                    "diversity question": 0.14454932296428605,
                    "diversity window": 0.17021376641513547,
                    "coverage question to window": 0.9939967598462511,
                    "coverage window to question": 0.6683474333494615
                }
            }
        ],
        [
            {
                "name": "evaluated",
                "harmonic_mean": 0.00017499105059766358,
                "values_from_similarity": {
                    "relevance": 35.546377301216125,
                    "diversity question": 0.0,
                    "diversity window": 0.0,
                    "coverage question to window": 0.9827526613834676,
                    "coverage window to question": 1.0
                }
            },
            {
                "name": "gold",
                "harmonic_mean": 0.0003494807982221713,
                "values_from_similarity": {
                    "relevance": 4.959729965776205,
                    "diversity question": 0.07144132037668934,
                    "diversity window": 0.07486031613994551,
                    "coverage question to window": 0.9946354395232853,
                    "coverage window to question": 0.8695512063281978
                }
            }
        ]
    ],
    "ukrbiology/book01/topic01-\u0420\u0456\u0437\u043d\u043e\u043c\u0430\u043d\u0456\u0442\u043d\u0456\u0441\u0442\u044c \u0442\u0432\u0430\u0440\u0438\u043d/questions.json": [
        [
            {
                "name": "evaluated",
                "harmonic_mean": 0.0002321457757189314,
                "values_from_similarity": {
                    "relevance": 5.700951442122459,
                    "diversity question": 0.006610098324996816,
                    "diversity window": 6.804124636801404e-05,
                    "coverage question to window": 0.992868936159181,
                    "coverage window to question": 0.999217669169108
                }
            },
            {
                "name": "gold",
                "harmonic_mean": 0.00032244312842175647,
                "values_from_similarity": {
                    "relevance": 8.233464322984219,
                    "diversity question": 0.0487409159035335,
                    "diversity window": 0.0005929069735847314,
                    "coverage question to window": 0.9912475172867221,
                    "coverage window to question": 0.9974646936229502
                }
            }
        ],
        [
            {
                "name": "evaluated",
                "harmonic_mean": 0.00023216733114001645,
                "values_from_similarity": {
                    "relevance": 5.7000103406608105,
                    "diversity question": 0.0067347319759409946,
                    "diversity window": 6.846104470242615e-05,
                    "coverage question to window": 0.9927986105814067,
                    "coverage window to question": 0.9992249806722006
                }
            },
            {
                "name": "gold",
                "harmonic_mean": 0.00034958025738438735,
                "values_from_similarity": {
                    "relevance": 8.762615732848644,
                    "diversity question": 1.9616442831505396,
                    "diversity window": 0.046907830207016124,
                    "coverage question to window": 0.991701340350546,
                    "coverage window to question": 0.940359155469855
                }
            }
        ],
        [
            {
                "name": "evaluated",
                "harmonic_mean": 0.00023216733114001645,
                "values_from_similarity": {
                    "relevance": 5.7000103406608105,
                    "diversity question": 0.0067347319759409946,
                    "diversity window": 6.846104470242615e-05,
                    "coverage question to window": 0.9927986105814067,
                    "coverage window to question": 0.9992249806722006
                }
            },
            {
                "name": "gold",
                "harmonic_mean": 0.0003495619046615842,
                "values_from_similarity": {
                    "relevance": 8.51637776941061,
                    "diversity question": 1.932870676701104,
                    "diversity window": 0.044727900254544,
                    "coverage question to window": 0.9912815115237127,
                    "coverage window to question": 0.939494095043171
                }
            }
        ]
    ],
    "ukrbiology/book01/topic02-\u041f\u0440\u043e\u0446\u0435\u0441\u0438 \u0436\u0438\u0442\u0442\u0454\u0434\u0456\u044f\u043b\u044c\u043d\u043e\u0441\u0442\u0456\u0442\u0432\u0430\u0440\u0438\u043d/questions.json": [
        [
            {
                "name": "evaluated",
                "harmonic_mean": 0.00017499054505837672,
                "values_from_similarity": {
                    "relevance": 6.588738411664963,
                    "diversity question": 1.1586209711343722e-09,
                    "diversity window": 4.06184911926152e-08,
                    "coverage question to window": 0.9906166814348879,
                    "coverage window to question": 1.0000000408937837
                }
            },
            {
                "name": "gold",
                "harmonic_mean": 0.0003092511939158275,
                "values_from_similarity": {
                    "relevance": 11.460503563284874,
                    "diversity question": 0.021327263455920932,
                    "diversity window": 0.00038664791991839835,
                    "coverage question to window": 0.9893894644656704,
                    "coverage window to question": 0.9977581289255442
                }
            }
        ],
        [
            {
                "name": "evaluated",
                "harmonic_mean": 0.00017499054505837672,
                "values_from_similarity": {
                    "relevance": 6.588738411664963,
                    "diversity question": 1.1586209711343722e-09,
                    "diversity window": 4.06184911926152e-08,
                    "coverage question to window": 0.9906166814348879,